variant,precision,batch_size,prompt_length,new_tokens,status,latency_mean_ms,latency_median_ms,latency_stdev_ms,generated_tokens_per_sec,sequences_per_sec,per_sequence_tokens_per_sec,peak_allocated_mib,peak_reserved_mib
baseline,fp32,1,64,64,ok,1271.8647524000517,1375.7428719995914,196.16886044837847,50.31981575024376,0.7862471210975588,50.31981575024376,1580.75732421875,1602.0
baseline,fp32,1,128,64,ok,1061.9755103998614,1050.8149219999723,24.35178792322246,60.26504318908666,0.9416412998294791,60.26504318908666,1592.759765625,1624.0
baseline,fp32,1,256,64,ok,1143.9887336000538,1061.5441910003938,179.3954609478806,55.94460690062603,0.8741344828222817,55.94460690062603,1618.1796875,1686.0
baseline,fp32,2,64,64,ok,1258.0790536000677,1251.2746809998134,198.2970862889353,101.74241406668398,1.5897252197919371,50.87120703334199,1605.72509765625,1626.0
baseline,fp32,2,128,64,ok,1089.0965296000104,1082.1789020001233,21.924410351206962,117.52860882497735,1.8363845128902712,58.76430441248868,1631.62841796875,1706.0
baseline,fp32,2,256,64,ok,1322.521735800001,1180.0180150003143,223.70964259728328,96.78479871831526,1.512262479973676,48.39239935915763,1678.791015625,1694.0
baseline,fp32,4,64,64,ok,1254.999515000054,1116.7740410000988,194.03106086353404,203.98414257553634,3.1872522277427553,50.996035643884085,1657.39501953125,1726.0
baseline,fp32,4,128,64,ok,1160.8280294000906,1148.5639380002794,20.059528565283884,220.53223519447525,3.4458161749136758,55.13305879861881,1703.67041015625,1758.0
baseline,fp32,4,256,64,ok,1383.1524017999982,1255.2387779996934,184.12883563933457,185.08444887696274,2.891944513702543,46.271112219240685,1801.396484375,1854.0
baseline,fp16,1,64,64,ok,1654.6424846001173,1654.3833390001055,239.74236012466662,38.67905036625908,0.6043601619727981,38.67905036625908,1677.90771484375,1700.0
baseline,fp16,1,128,64,ok,1588.0909743998927,1447.8605770000286,242.0191980855902,40.29995827171318,0.6296868479955184,40.29995827171318,1689.90966796875,1724.0
baseline,fp16,1,256,64,ok,1398.9927470000111,1396.6343900001448,16.299846005802188,45.7471992883745,0.7147999888808516,45.7471992883745,1735.41748046875,1826.0
baseline,fp16,2,64,64,ok,1449.246137999944,1441.3185899998098,19.79867233309482,88.32178098928627,1.380027827957598,44.160890494643134,1702.20849609375,1726.0
baseline,fp16,2,128,64,ok,1621.6146146000028,1474.6909069999674,219.9072761010715,78.93367440547719,1.2333386625855811,39.466837202738596,1736.34423828125,1826.0
baseline,fp16,2,256,64,ok,1689.5657605999077,1581.8233889999647,269.22522637623814,75.75911100053989,1.1837361093834358,37.879555500269944,1774.67333984375,1796.0
baseline,fp16,4,64,64,ok,1684.209765599826,1762.532822999674,217.39168720821291,152.00006865464673,2.375001072728855,38.00001716366168,1750.810546875,1826.0
baseline,fp16,4,128,64,ok,1580.4981140000564,1463.5317450001821,212.28820808759627,161.9742521249164,2.530847689451819,40.4935630312291,1798.818359375,1896.0
baseline,fp16,4,256,64,ok,1478.126472600161,1479.9883540003975,14.360939199490861,173.19221646147258,2.706128382210509,43.298054115368146,1895.615234375,2036.0
lora-r8-long,fp32,1,64,64,ok,1323.1673516001138,1332.2654349999539,28.8215763413165,48.36878715500684,0.7557622992969819,48.36878715500684,1583.75732421875,1594.0
lora-r8-long,fp32,1,128,64,ok,1404.4660083999588,1289.8087899998245,239.92872979462018,45.5689205842099,0.7120143841282797,45.5689205842099,1595.759765625,1640.0
lora-r8-long,fp32,1,256,64,ok,1532.9992105998826,1669.7817379999833,209.21175400968772,41.74822762952106,0.6523160567112666,41.74822762952106,1632.75,1700.0
lora-r8-long,fp32,2,64,64,ok,1385.378694800147,1266.7116239999814,203.71862652458344,92.39350978936854,1.4436485904588834,46.19675489468427,1608.72509765625,1642.0
lora-r8-long,fp32,2,128,64,ok,1309.1110173999368,1308.4407119999923,9.861809197978417,97.77627588393878,1.5277543106865434,48.88813794196939,1636.42529296875,1700.0
lora-r8-long,fp32,2,256,64,ok,1484.7664780000741,1385.4450570001973,225.92438023738657,86.20884286962843,1.3470131698379442,43.10442143481421,1681.751953125,1710.0
lora-r8-long,fp32,4,64,64,ok,1578.7106470000253,1510.2738249997856,264.22382601706903,162.1576445857693,2.5337131966526454,40.539411146442326,1659.72314453125,1720.0
lora-r8-long,fp32,4,128,64,ok,1613.166652200016,1569.5250509998004,226.32377522717164,158.69408139008482,2.4795950217200753,39.673520347521205,1707.56103515625,1752.0
lora-r8-long,fp32,4,256,64,ok,1600.1627756000744,1521.202576000178,203.4174912609049,159.9837240958176,2.49974568899715,39.9959310239544,1804.458984375,1872.0
lora-r8-long,fp16,1,64,64,ok,1848.7403776000065,1753.7940819997857,227.6601597941661,34.61816530619804,0.5409088329093443,34.61816530619804,1680.90771484375,1716.0
lora-r8-long,fp16,1,128,64,ok,1816.1399353999514,1743.3086680002816,165.57700347017712,35.23957529511947,0.5506183639862418,35.23957529511947,1692.90966796875,1738.0
lora-r8-long,fp16,1,256,64,ok,1781.797639999877,1735.6002339997758,113.35927276276075,35.9187814391787,0.5612309599871672,35.9187814391787,1739.37841796875,1840.0
lora-r8-long,fp16,2,64,64,ok,1855.195093599923,1791.7910950000078,148.44285998272258,68.9954390465866,1.0780537351029156,34.4977195232933,1705.20849609375,1742.0
lora-r8-long,fp16,2,128,64,ok,1861.4252014001067,1799.4611030003398,154.56635481990176,68.76451436443556,1.0744455369443056,34.38225718221778,1740.26611328125,1840.0
lora-r8-long,fp16,2,256,64,ok,1874.6492964000936,1795.1405469998463,198.58622152168635,68.27943778380286,1.0668662153719197,34.13971889190143,1777.64990234375,1810.0
lora-r8-long,fp16,4,64,64,ok,1900.6817493999733,1813.4627139997974,204.6614542864897,134.6885137823924,2.104508027849881,33.6721284455981,1753.966796875,1840.0
lora-r8-long,fp16,4,128,64,ok,1886.477988400111,1780.3635750001376,236.40021518929925,135.70261703244634,2.120353391131974,33.925654258111585,1802.708984375,1912.0
lora-r8-long,fp16,4,256,64,ok,1936.5982676000385,1819.6806380001362,282.56626779958344,132.1905551001304,2.0654774234395377,33.0476387750326,1898.599609375,2032.0
lora-r16-long,fp32,1,64,64,ok,1273.665118399913,1270.1217999997425,39.41682483252499,50.24868709633995,0.7851357358803117,50.24868709633995,1586.75732421875,1598.0
lora-r16-long,fp32,1,128,64,ok,1264.9530207999305,1257.2164600001088,23.72526702691889,50.594764349056774,0.7905431929540121,50.594764349056774,1598.759765625,1642.0
lora-r16-long,fp32,1,256,64,ok,1517.2879843999908,1558.6869590001697,224.16768820784824,42.180522523091554,0.6590706644233055,42.180522523091554,1635.75,1704.0
lora-r16-long,fp32,2,64,64,ok,1512.033889599934,1472.1675269997831,241.08845428242958,84.65418723773928,1.3227216755896762,42.32709361886964,1611.72509765625,1644.0
lora-r16-long,fp32,2,128,64,ok,1291.200540400132,1282.2174290004114,16.731562081591974,99.13254834940969,1.5489460679595264,49.566274174704844,1639.42529296875,1704.0
lora-r16-long,fp32,2,256,64,ok,1375.122518200078,1381.9585830001415,19.832996331875954,93.08261504403363,1.4544158600630255,46.541307522016815,1684.751953125,1712.0
lora-r16-long,fp32,4,64,64,ok,1526.2149327999396,1393.0965649997233,241.95049137767714,167.73522162461845,2.6208628378846632,41.93380540615461,1662.72314453125,1724.0
lora-r16-long,fp32,4,128,64,ok,1599.7808280000754,1631.072710999888,206.07030103610063,160.02192020267663,2.5003425031668223,40.005480050669156,1710.56103515625,1754.0
lora-r16-long,fp32,4,256,64,ok,1600.8907256000384,1481.65591399993,190.37672308401122,159.91097699941216,2.498609015615815,39.97774424985304,1807.458984375,1874.0
lora-r16-long,fp16,1,64,64,ok,1862.229307599955,1748.4145169996737,264.4857387766703,34.367411005083646,0.536990796954432,34.367411005083646,1683.90771484375,1718.0
lora-r16-long,fp16,1,128,64,ok,1837.198833399907,1736.9697740000447,239.99004887992248,34.83564154107482,0.5443068990792941,34.83564154107482,1695.90966796875,1742.0
lora-r16-long,fp16,1,256,64,ok,1833.9093051999953,1750.6051140003365,209.2525694807578,34.8981270875991,0.5452832357437359,34.8981270875991,1742.37841796875,1844.0
lora-r16-long,fp16,2,64,64,ok,1883.5152724000181,1791.5161350001654,235.98879837971273,67.95803669640516,1.0618443233813306,33.97901834820258,1708.20849609375,1744.0
lora-r16-long,fp16,2,128,64,ok,1935.8547249999901,1805.2461069996752,273.07636751468107,66.12066409063864,1.0331353764162288,33.06033204531932,1743.26611328125,1844.0
lora-r16-long,fp16,2,256,64,ok,1902.5182387999848,1813.670448999801,252.33271508775823,67.27924988552863,1.0512382794613848,33.639624942764314,1780.64990234375,1814.0
lora-r16-long,fp16,4,64,64,ok,1910.69991760005,1796.909942000184,257.856372733181,133.98231592617162,2.0934736863464316,33.495578981542906,1756.966796875,1844.0
lora-r16-long,fp16,4,128,64,ok,1897.0158856001035,1824.2451189998974,241.27391411923605,134.94879085791987,2.108574857154998,33.73719771447997,1805.708984375,1914.0
lora-r16-long,fp16,4,256,64,ok,1934.576773400022,1825.9345569999823,259.6541896311902,132.3286847645129,2.067635699445514,33.082171191128225,1901.599609375,2034.0
lora-r16-lr5e4,fp32,1,64,64,ok,1301.8695874000514,1252.3862050002208,97.4934116674811,49.16006996354655,0.7681260931804148,49.16006996354655,1586.75732421875,1598.0
lora-r16-lr5e4,fp32,1,128,64,ok,1259.391630800019,1267.213207000168,20.548826627364463,50.818187476237625,0.7940341793162129,50.818187476237625,1598.759765625,1642.0
lora-r16-lr5e4,fp32,1,256,64,ok,1481.2513151999156,1446.0982949999561,201.2368705898517,43.206712691669274,0.6751048858073324,43.206712691669274,1635.75,1704.0
lora-r16-lr5e4,fp32,2,64,64,ok,1525.7187368000814,1626.342902000033,229.5137260287246,83.89488633301889,1.3108575989534201,41.947443166509444,1611.72509765625,1644.0
lora-r16-lr5e4,fp32,2,128,64,ok,1297.2552103999988,1297.0153699998264,5.4325935230881655,98.6698677128706,1.541716683013603,49.3349338564353,1639.42529296875,1704.0
lora-r16-lr5e4,fp32,2,256,64,ok,1351.4560765998795,1346.1239359999126,15.801946489874393,94.7126600829192,1.4798853137956125,47.3563300414596,1684.751953125,1712.0
lora-r16-lr5e4,fp32,4,64,64,ok,1499.4681635998859,1337.259389999872,258.6988629917592,170.7271992927156,2.667612488948681,42.6817998231789,1662.72314453125,1724.0
lora-r16-lr5e4,fp32,4,128,64,ok,1567.0611066000674,1521.9417920002343,257.6638272761849,163.3631253572642,2.5525488337072533,40.84078133931605,1710.56103515625,1754.0
lora-r16-lr5e4,fp32,4,256,64,ok,1559.9965854000402,1470.1157300000887,192.44754762587687,164.10292329861238,2.5641081765408185,41.025730824653095,1807.458984375,1874.0
lora-r16-lr5e4,fp16,1,64,64,ok,1779.972467600055,1693.085785999756,207.06232377888995,35.9556123282578,0.5618064426290281,35.9556123282578,1683.90771484375,1718.0
lora-r16-lr5e4,fp16,1,128,64,ok,1808.0150566000157,1729.7438830000829,195.86682308942392,35.39793530279135,0.5530927391061149,35.39793530279135,1695.90966796875,1742.0
lora-r16-lr5e4,fp16,1,256,64,ok,1771.4158700001462,1737.2395880001932,90.7919565520475,36.12929131090754,0.5645201767329303,36.12929131090754,1742.37841796875,1844.0
lora-r16-lr5e4,fp16,2,64,64,ok,1889.782641400052,1878.649310000128,161.66371109379617,67.73265728865557,1.0583227701352433,33.86632864432779,1708.20849609375,1744.0
lora-r16-lr5e4,fp16,2,128,64,ok,1921.5850022001177,1847.5348280003345,168.82176898031244,66.61167726301281,1.0408074572345751,33.305838631506404,1743.26611328125,1844.0
lora-r16-lr5e4,fp16,2,256,64,ok,1878.100259599978,1777.6454479999302,239.0080935336551,68.15397599021848,1.0649058748471638,34.07698799510924,1780.64990234375,1814.0
lora-r16-lr5e4,fp16,4,64,64,ok,1971.0474856000474,1845.8242800002154,285.5520586845391,129.88017887456718,2.029377794915112,32.470044718641795,1756.966796875,1844.0
lora-r16-lr5e4,fp16,4,128,64,ok,1969.9960330000977,1816.2795660000484,268.8034188843016,129.94950025870804,2.030460941542313,32.48737506467701,1805.708984375,1914.0
lora-r16-lr5e4,fp16,4,256,64,ok,1977.956675600035,1851.1276129997896,237.8325371142368,129.42649510881708,2.022288986075267,32.35662377720427,1901.599609375,2034.0
